{
    "RobotInfo": [
        0.550000011920929,
        0.07999999821186066,
        0.05000000074505806,
        100
    ],
    "BoundaryInfo": {
        "Point": [
            4.590000152587891,
            4.230000019073486
        ],
        "Point": [
            -2.2899999618530275,
            4.25
        ],
        "Point": [
            -2.2799999713897707,
            -3.2100000381469728
        ],
        "Point": [
            4.550000190734863,
            -3.2799999713897707
        ]
    },
    "ObstaclesInfo": {}
}