{
    "192.168.1.21": [
        0.0,
        0.0,
        0.0,
        0.0,
        0.0,
        0.0
    ],
    "192.168.1.31": [
        -0.20051353673480969,
        0.24254589298833013,
        -2.9959460731088138,
        -0.6471695944152621,
        -0.44965704832134126,
        1.0842058242911009
    ],
    "192.168.1.62": [
        0.0321727980894652,
        -0.3825596012372081,
        -0.4402279877445835,
        1.6267900907437332,
        -0.970011106875109,
        0.12160685724936099
    ],
    "192.168.1.128": [
        0.40783573717536156,
        0.15423353830084039,
        -2.3426645169308224,
        -0.13662902910775369,
        -0.08480723347851792,
        0.17807189503962349
    ],
    "192.168.1.46": [
        1.5097866326162344,
        1.5379009350964655,
        1.3834304016330417,
        -0.11091943936086446,
        1.2128366140909342,
        0.07387921706897566
    ],
    "192.168.1.45": [
        -1.672493173176811,
        1.8456181762907833,
        1.4484369588557054,
        0.30164576877286838,
        -0.4417337569193675,
        0.9379351573396132
    ]
}