{
    "192.168.1.15": [
        2.640787976575399,
        0.4418881807335338,
        -0.22866886192036,
        0.7086152103117897,
        -1.2539021615203526,
        3.3329761366133776
    ],
    "192.168.1.20": [
        2.7635561626120448,
        1.4877366121821929,
        -0.05157980013773713,
        1.281773751087706,
        -0.008742515179419188,
        2.359877865496293
    ],
    "192.168.1.19": [
        2.4309197230848769,
        -1.395291175793829,
        0.14940084179922873,
        -0.030082895006647817,
        -3.8265802061623579,
        4.002891334689361
    ],
    "192.168.1.18": [
        0.19871913912031057,
        -3.0555809192803138,
        0.4747543008691012,
        -1.5134922395242446,
        -1.239770910367689,
        2.989936454657898
    ],
    "192.168.1.14": [
        0.9277818770177144,
        2.815228500434078,
        -0.6243603526453525,
        -0.7075079311553851,
        -0.54968968218773,
        2.918066239100905
    ],
    "192.168.1.22": [
        2.8260710479412296,
        -0.2939587964942308,
        -0.07311043588030758,
        1.6486861015896977,
        -2.237283194338316,
        3.089481107566255
    ],
    "192.168.1.16": [
        2.0001075628089377,
        2.03661569930528,
        -0.3838627748862112,
        0.9290633328874146,
        3.654347725715837,
        1.093056558138035
    ],
    "192.168.1.23": [
        1.895158228493891,
        1.8126255006824288,
        -0.4345955921088665,
        0.1893733422826144,
        -0.04008354185869784,
        2.952823320107191
    ]
}