{
    "192.168.1.18": [
        1.833641653424717,
        1.9640231020679895,
        -0.6195849253328923,
        0.07000085970381459,
        -0.6507403874332068,
        3.350067683499938
    ],
    "192.168.1.15": [
        2.63027153837936,
        0.4430068148868745,
        -0.25204260527896529,
        -0.21578153818832139,
        -0.768293201801934,
        3.200401571846448
    ],
    "192.168.1.23": [
        2.7502711494167344,
        0.9395860562879291,
        -0.1702554181362079,
        0.08976293804281377,
        0.32241544150621889,
        2.400645240455827
    ],
    "192.168.1.22": [
        0.6284520673119728,
        2.9911475515269188,
        -0.46779154762876137,
        0.15020122606621004,
        -2.0051781844658596,
        3.1268835385743576
    ],
    "192.168.1.14": [
        2.77030393180638,
        -0.02734189753974576,
        0.22098346108399856,
        1.7085460807202969,
        0.8199521794402396,
        2.5033337341134715
    ],
    "192.168.1.20": [
        -0.0515161831393727,
        3.0646267466097698,
        -0.5057876064607088,
        -1.0246404543870627,
        -1.7994663029907204,
        3.1344214176347129
    ]
}